name,unique_entrances,total_entrances,visit_duration
/2023/Feb/15/bing/,941365,981274,29
/,1042,1057,183
/series/prompt-injection/,129,131,519
/2022/Sep/12/prompt-injection/,110,110,559
/2022/Dec/4/give-me-ideas-for-crimes-to-do/,50,50,518
/2022/Sep/16/prompt-injection-solutions/,21,21,454
/2023/,13,13,150
/2023/feb/15/bing/,12,13,308
/2023/Feb/15/,11,11,119
/2022/Sep/17/prompt-injection-more-ai/,10,10,186
/2002/,9,9,347
/tags/chatgpt/,5,5,21
/2023/Feb/9/weeknotes/,4,4,532
/2022/,4,4,113
/tags/bing/,3,3,3
/2022/Jun/12/twenty-years/,3,3,29
/2023/Feb/,3,3,221
/2022/Dec/5/rust-chatgpt-copilot/,2,2,87
/tags/datasette/,2,2,4
/tags/django/,2,2,34
/2022/Aug/29/stable-diffusion/,2,2,943
/2022/Jun/5/play-with-gpt3/,2,2,100
/2018/,2,2,6
/2023/Jan/13/semantic-search-answers/,2,2,471
/2023/feb/15/,2,2,75
/tags/github/,1,1,850
/2020/Oct/9/git-scraping/,1,1,381
/2022/Nov/6/what-to-blog-about/,1,1,11
/series/,1,1,48
/2023/Feb/9/sidney/,1,1,5
/2020/,1,1,515
/tags/opensource/,1,1,27
/2019/Feb/25/sqlite-utils/,1,1,282
/2006/Dec/20/json/,1,1,361
/tags/gpt3/,1,1,79
/tags/ai/,1,1,3
/2022/Dec/31/2022-in-projects/,1,1,1787
/tags/openai/,1,1,70
/2022/Nov/1/rfc-7807/,1,1,1169
/2023/FEB/15/bing/,1,1,41
/tags/promptengineering/,1,1,4
/2022/Nov/8/mastodon-is-just-blogs/,1,1,3
/search/,1,1,22
/2023/feb/,1,1,2
/tags/webassembly/,1,1,333
/2023/Jan/30/datasette-scraper/,1,1,17
/tags/projects/,1,1,914
/tags/promptinjection/,1,1,2
/2022/Sep/1/sqlite-duckdb-paper/,1,1,1008
/2022/Dec/2/datasette-write-api/,1,1,590
